-- Users table with additional column for signup date
CREATE TABLE IF NOT EXISTS users (
  id SERIAL PRIMARY KEY,
  name VARCHAR(100),
  email VARCHAR(100) UNIQUE NOT NULL,
  created_at TIMESTAMP DEFAULT CURRENT_TIMESTAMP
);

-- Orders table with extended columns for order details
CREATE TABLE IF NOT EXISTS orders (
  id SERIAL PRIMARY KEY,
  user_id INTEGER REFERENCES users(id),
  order_date TIMESTAMP DEFAULT CURRENT_TIMESTAMP,
  purchased_item VARCHAR(100),
  order_status VARCHAR(50),
  time_of_purchase TIMESTAMP
);

-- Bills table with detailed billing info
CREATE TABLE IF NOT EXISTS bills (
  id SERIAL PRIMARY KEY,
  order_id INTEGER REFERENCES orders(id),
  invoice_number VARCHAR(50),
  invoice_amount DECIMAL(10,2),
  bill_paid VARCHAR(10),
  billing_period VARCHAR(50),
  tax DECIMAL(10,2)
);


-- Inserting Users
INSERT INTO users (id, name, email, created_at) VALUES (1, 'Melanie Molina', 'sophia15@example.net', '2024-06-21 22:02:14');
INSERT INTO users (id, name, email, created_at) VALUES (2, 'Michael Davis', 'jeffreyfuller@example.net', '2024-10-02 01:15:45');
INSERT INTO users (id, name, email, created_at) VALUES (3, 'Robert Adkins', 'vasquezjulie@example.org', '2024-04-30 00:55:20');
INSERT INTO users (id, name, email, created_at) VALUES (4, 'Patricia Lloyd', 'yoderbrandon@example.org', '2024-09-26 01:18:54');
INSERT INTO users (id, name, email, created_at) VALUES (5, 'Dawn Gill', 'malikwhite@example.net', '2024-11-29 12:29:05');
INSERT INTO users (id, name, email, created_at) VALUES (6, 'Vickie Brown', 'jdavenport@example.net', '2024-05-27 23:30:16');
INSERT INTO users (id, name, email, created_at) VALUES (7, 'Hannah Taylor', 'nathan62@example.com', '2024-04-19 16:21:01');
INSERT INTO users (id, name, email, created_at) VALUES (8, 'Christopher Nicholson', 'uwilliams@example.com', '2024-10-22 02:44:57');
INSERT INTO users (id, name, email, created_at) VALUES (9, 'Vickie Clark', 'shannon76@example.com', '2024-04-28 22:42:52');
INSERT INTO users (id, name, email, created_at) VALUES (10, 'Brooke Gomez DVM', 'christopherrose@example.net', '2025-02-21 21:30:20');
INSERT INTO users (id, name, email, created_at) VALUES (11, 'Laura Rowland', 'stacymyers@example.net', '2024-06-03 15:57:04');
INSERT INTO users (id, name, email, created_at) VALUES (12, 'Anthony Baldwin', 'iross@example.com', '2024-12-24 14:39:14');
INSERT INTO users (id, name, email, created_at) VALUES (13, 'Steven Davidson', 'stephensmith@example.net', '2025-01-21 02:45:12');
INSERT INTO users (id, name, email, created_at) VALUES (14, 'Garrett Ramirez', 'emilylawson@example.com', '2025-02-12 10:21:00');
INSERT INTO users (id, name, email, created_at) VALUES (15, 'Kelly Lopez', 'cynthia38@example.net', '2024-06-20 18:40:51');
INSERT INTO users (id, name, email, created_at) VALUES (16, 'Heather Haney', 'brentsmith@example.com', '2024-07-09 17:24:56');
INSERT INTO users (id, name, email, created_at) VALUES (17, 'Erica Lee', 'smithlori@example.com', '2024-03-25 18:04:10');
INSERT INTO users (id, name, email, created_at) VALUES (18, 'Rachel Mckinney', 'nshields@example.net', '2024-03-18 02:04:38');
INSERT INTO users (id, name, email, created_at) VALUES (19, 'Amber Baker', 'emily11@example.com', '2024-05-01 15:18:19');
INSERT INTO users (id, name, email, created_at) VALUES (20, 'Charles Peterson', 'heather83@example.net', '2024-07-18 06:24:51');
INSERT INTO users (id, name, email, created_at) VALUES (21, 'Alexis Rodriguez', 'wjones@example.com', '2024-12-28 21:40:37');
INSERT INTO users (id, name, email, created_at) VALUES (22, 'Justin Smith', 'robinsonangela@example.org', '2024-03-18 07:30:19');
INSERT INTO users (id, name, email, created_at) VALUES (23, 'Pamela Mitchell MD', 'wmayo@example.com', '2024-03-17 05:25:15');
INSERT INTO users (id, name, email, created_at) VALUES (24, 'Travis Dodson', 'dylan99@example.org', '2024-04-29 14:53:03');
INSERT INTO users (id, name, email, created_at) VALUES (25, 'Collin Morris III', 'hharrison@example.org', '2024-10-18 03:07:43');
INSERT INTO users (id, name, email, created_at) VALUES (26, 'Stephen Harding', 'hicksjesse@example.org', '2024-11-11 00:23:30');
INSERT INTO users (id, name, email, created_at) VALUES (27, 'James Patrick', 'nicole85@example.net', '2024-03-06 15:46:47');
INSERT INTO users (id, name, email, created_at) VALUES (28, 'Brian Moreno', 'kelly37@example.org', '2025-02-23 17:10:53');
INSERT INTO users (id, name, email, created_at) VALUES (29, 'Thomas Hall', 'ikoch@example.net', '2024-04-08 14:14:06');
INSERT INTO users (id, name, email, created_at) VALUES (30, 'Amy Flynn', 'hoconnor@example.org', '2024-11-13 17:30:24');
INSERT INTO users (id, name, email, created_at) VALUES (31, 'Anthony Martin', 'sheltonrobert@example.com', '2024-08-24 17:55:51');
INSERT INTO users (id, name, email, created_at) VALUES (32, 'Michelle Lloyd', 'kathleenvelasquez@example.net', '2024-08-26 00:56:17');
INSERT INTO users (id, name, email, created_at) VALUES (33, 'Daniel Rodgers', 'christophercampbell@example.org', '2024-08-22 11:11:56');
INSERT INTO users (id, name, email, created_at) VALUES (34, 'Mr. Luke Rowe', 'jrivera@example.net', '2024-04-30 21:31:45');
INSERT INTO users (id, name, email, created_at) VALUES (35, 'Linda Goodman', 'dustinharmon@example.net', '2024-04-19 14:20:44');
INSERT INTO users (id, name, email, created_at) VALUES (36, 'Shane Heath', 'sean65@example.org', '2024-11-23 08:14:20');
INSERT INTO users (id, name, email, created_at) VALUES (37, 'Shannon Murray', 'wluna@example.org', '2024-04-12 00:30:07');
INSERT INTO users (id, name, email, created_at) VALUES (38, 'Corey Dunn', 'salazarlori@example.org', '2024-03-12 06:43:22');
INSERT INTO users (id, name, email, created_at) VALUES (39, 'Joshua Davis', 'marcus20@example.org', '2024-09-14 20:42:31');
INSERT INTO users (id, name, email, created_at) VALUES (40, 'Patty Bradshaw', 'tammywong@example.com', '2024-06-25 02:27:16');
INSERT INTO users (id, name, email, created_at) VALUES (41, 'John Ortiz', 'ahebert@example.org', '2025-02-15 05:12:56');
INSERT INTO users (id, name, email, created_at) VALUES (42, 'Tabitha Jordan', 'cford@example.org', '2024-11-09 11:48:24');
INSERT INTO users (id, name, email, created_at) VALUES (43, 'Christopher Robinson', 'odominguez@example.net', '2024-04-09 11:35:48');
INSERT INTO users (id, name, email, created_at) VALUES (44, 'Michael Tanner', 'fisherchristopher@example.net', '2025-01-04 19:17:48');
INSERT INTO users (id, name, email, created_at) VALUES (45, 'Alexis Murphy', 'shelleytaylor@example.org', '2024-04-27 11:59:27');
INSERT INTO users (id, name, email, created_at) VALUES (46, 'John Mclean', 'bavila@example.net', '2025-01-19 04:34:46');
INSERT INTO users (id, name, email, created_at) VALUES (47, 'Brenda Macias', 'kingsteven@example.com', '2024-11-08 06:30:04');
INSERT INTO users (id, name, email, created_at) VALUES (48, 'Lisa Warner', 'jasoncooper@example.com', '2024-03-31 15:08:39');
INSERT INTO users (id, name, email, created_at) VALUES (49, 'Kimberly Bell', 'nicole48@example.net', '2024-07-02 13:15:13');
INSERT INTO users (id, name, email, created_at) VALUES (50, 'David Warner', 'heatherfrost@example.com', '2024-06-17 12:01:48');



-- Inserting Orders
INSERT INTO orders (id, user_id, order_date, purchased_item, order_status, time_of_purchase) VALUES (1, 36, '2025-01-20 19:06:58', 'Letter', 'Completed', '2025-01-20 19:06:58');
INSERT INTO orders (id, user_id, order_date, purchased_item, order_status, time_of_purchase) VALUES (2, 44, '2025-02-19 06:14:49', 'You', 'Pending', '2025-02-19 06:14:49');
INSERT INTO orders (id, user_id, order_date, purchased_item, order_status, time_of_purchase) VALUES (3, 5, '2024-09-10 06:36:31', 'Certainly', 'Cancelled', '2024-09-10 06:36:31');
INSERT INTO orders (id, user_id, order_date, purchased_item, order_status, time_of_purchase) VALUES (4, 2, '2024-04-21 19:09:50', 'Try', 'Completed', '2024-04-21 19:09:50');
INSERT INTO orders (id, user_id, order_date, purchased_item, order_status, time_of_purchase) VALUES (5, 15, '2024-07-10 10:25:32', 'Top', 'Pending', '2024-07-10 10:25:32');
INSERT INTO orders (id, user_id, order_date, purchased_item, order_status, time_of_purchase) VALUES (6, 28, '2025-02-01 11:07:19', 'Soldier', 'Cancelled', '2025-02-01 11:07:19');
INSERT INTO orders (id, user_id, order_date, purchased_item, order_status, time_of_purchase) VALUES (7, 14, '2025-01-14 11:53:56', 'Speech', 'Pending', '2025-01-14 11:53:56');
INSERT INTO orders (id, user_id, order_date, purchased_item, order_status, time_of_purchase) VALUES (8, 28, '2024-11-27 09:49:34', 'Develop', 'Cancelled', '2024-11-27 09:49:34');
INSERT INTO orders (id, user_id, order_date, purchased_item, order_status, time_of_purchase) VALUES (9, 7, '2024-11-27 19:30:28', 'Recognize', 'Completed', '2024-11-27 19:30:28');
INSERT INTO orders (id, user_id, order_date, purchased_item, order_status, time_of_purchase) VALUES (10, 26, '2024-12-17 00:19:05', 'Of', 'Cancelled', '2024-12-17 00:19:05');
INSERT INTO orders (id, user_id, order_date, purchased_item, order_status, time_of_purchase) VALUES (11, 37, '2024-08-25 00:23:00', 'Land', 'Pending', '2024-08-25 00:23:00');
INSERT INTO orders (id, user_id, order_date, purchased_item, order_status, time_of_purchase) VALUES (12, 13, '2024-10-29 00:04:37', 'That', 'Completed', '2024-10-29 00:04:37');
INSERT INTO orders (id, user_id, order_date, purchased_item, order_status, time_of_purchase) VALUES (13, 44, '2025-01-29 23:51:21', 'Carry', 'Pending', '2025-01-29 23:51:21');
INSERT INTO orders (id, user_id, order_date, purchased_item, order_status, time_of_purchase) VALUES (14, 5, '2024-07-31 11:31:42', 'Thought', 'Pending', '2024-07-31 11:31:42');
INSERT INTO orders (id, user_id, order_date, purchased_item, order_status, time_of_purchase) VALUES (15, 41, '2024-11-13 11:34:15', 'Whether', 'Cancelled', '2024-11-13 11:34:15');
INSERT INTO orders (id, user_id, order_date, purchased_item, order_status, time_of_purchase) VALUES (16, 13, '2024-12-23 22:56:18', 'Build', 'Cancelled', '2024-12-23 22:56:18');
INSERT INTO orders (id, user_id, order_date, purchased_item, order_status, time_of_purchase) VALUES (17, 47, '2024-04-24 02:37:53', 'Participant', 'Completed', '2024-04-24 02:37:53');
INSERT INTO orders (id, user_id, order_date, purchased_item, order_status, time_of_purchase) VALUES (18, 10, '2024-10-24 02:04:55', 'Traditional', 'Cancelled', '2024-10-24 02:04:55');
INSERT INTO orders (id, user_id, order_date, purchased_item, order_status, time_of_purchase) VALUES (19, 5, '2024-04-15 01:31:03', 'Head', 'Cancelled', '2024-04-15 01:31:03');
INSERT INTO orders (id, user_id, order_date, purchased_item, order_status, time_of_purchase) VALUES (20, 48, '2024-04-29 21:47:50', 'By', 'Completed', '2024-04-29 21:47:50');
INSERT INTO orders (id, user_id, order_date, purchased_item, order_status, time_of_purchase) VALUES (21, 1, '2024-04-17 19:33:59', 'Drive', 'Cancelled', '2024-04-17 19:33:59');
INSERT INTO orders (id, user_id, order_date, purchased_item, order_status, time_of_purchase) VALUES (22, 5, '2024-12-22 23:46:31', 'Bank', 'Completed', '2024-12-22 23:46:31');
INSERT INTO orders (id, user_id, order_date, purchased_item, order_status, time_of_purchase) VALUES (23, 5, '2024-05-13 04:13:55', 'Eat', 'Pending', '2024-05-13 04:13:55');
INSERT INTO orders (id, user_id, order_date, purchased_item, order_status, time_of_purchase) VALUES (24, 24, '2024-07-06 07:48:22', 'Bag', 'Cancelled', '2024-07-06 07:48:22');
INSERT INTO orders (id, user_id, order_date, purchased_item, order_status, time_of_purchase) VALUES (25, 3, '2025-02-16 15:22:57', 'Behavior', 'Pending', '2025-02-16 15:22:57');
INSERT INTO orders (id, user_id, order_date, purchased_item, order_status, time_of_purchase) VALUES (26, 24, '2025-01-12 19:10:17', 'Power', 'Completed', '2025-01-12 19:10:17');
INSERT INTO orders (id, user_id, order_date, purchased_item, order_status, time_of_purchase) VALUES (27, 50, '2024-08-24 12:35:58', 'Third', 'Pending', '2024-08-24 12:35:58');
INSERT INTO orders (id, user_id, order_date, purchased_item, order_status, time_of_purchase) VALUES (28, 3, '2024-12-28 20:09:18', 'Yes', 'Pending', '2024-12-28 20:09:18');
INSERT INTO orders (id, user_id, order_date, purchased_item, order_status, time_of_purchase) VALUES (29, 41, '2024-04-01 02:36:34', 'Store', 'Pending', '2024-04-01 02:36:34');
INSERT INTO orders (id, user_id, order_date, purchased_item, order_status, time_of_purchase) VALUES (30, 50, '2024-08-15 14:11:26', 'Before', 'Completed', '2024-08-15 14:11:26');
INSERT INTO orders (id, user_id, order_date, purchased_item, order_status, time_of_purchase) VALUES (31, 10, '2024-03-11 21:43:02', 'Blue', 'Pending', '2024-03-11 21:43:02');
INSERT INTO orders (id, user_id, order_date, purchased_item, order_status, time_of_purchase) VALUES (32, 31, '2024-06-05 08:35:15', 'Girl', 'Pending', '2024-06-05 08:35:15');
INSERT INTO orders (id, user_id, order_date, purchased_item, order_status, time_of_purchase) VALUES (33, 2, '2024-03-10 19:10:42', 'Medical', 'Cancelled', '2024-03-10 19:10:42');
INSERT INTO orders (id, user_id, order_date, purchased_item, order_status, time_of_purchase) VALUES (34, 43, '2024-03-28 20:29:51', 'Figure', 'Cancelled', '2024-03-28 20:29:51');
INSERT INTO orders (id, user_id, order_date, purchased_item, order_status, time_of_purchase) VALUES (35, 15, '2025-01-19 12:28:13', 'Measure', 'Completed', '2025-01-19 12:28:13');
INSERT INTO orders (id, user_id, order_date, purchased_item, order_status, time_of_purchase) VALUES (36, 7, '2024-08-30 06:10:39', 'Remain', 'Cancelled', '2024-08-30 06:10:39');
INSERT INTO orders (id, user_id, order_date, purchased_item, order_status, time_of_purchase) VALUES (37, 33, '2024-06-15 19:05:27', 'Learn', 'Cancelled', '2024-06-15 19:05:27');
INSERT INTO orders (id, user_id, order_date, purchased_item, order_status, time_of_purchase) VALUES (38, 32, '2024-07-09 11:00:21', 'Apply', 'Pending', '2024-07-09 11:00:21');
INSERT INTO orders (id, user_id, order_date, purchased_item, order_status, time_of_purchase) VALUES (39, 23, '2024-10-19 14:24:59', 'Break', 'Completed', '2024-10-19 14:24:59');
INSERT INTO orders (id, user_id, order_date, purchased_item, order_status, time_of_purchase) VALUES (40, 7, '2024-11-20 11:28:02', 'Theory', 'Cancelled', '2024-11-20 11:28:02');
INSERT INTO orders (id, user_id, order_date, purchased_item, order_status, time_of_purchase) VALUES (41, 26, '2024-06-25 14:29:35', 'Feel', 'Cancelled', '2024-06-25 14:29:35');
INSERT INTO orders (id, user_id, order_date, purchased_item, order_status, time_of_purchase) VALUES (42, 9, '2024-07-14 14:06:32', 'State', 'Completed', '2024-07-14 14:06:32');
INSERT INTO orders (id, user_id, order_date, purchased_item, order_status, time_of_purchase) VALUES (43, 24, '2024-03-06 09:37:26', 'Ago', 'Pending', '2024-03-06 09:37:26');
INSERT INTO orders (id, user_id, order_date, purchased_item, order_status, time_of_purchase) VALUES (44, 24, '2025-01-25 07:15:14', 'Movie', 'Cancelled', '2025-01-25 07:15:14');
INSERT INTO orders (id, user_id, order_date, purchased_item, order_status, time_of_purchase) VALUES (45, 20, '2024-03-24 20:11:42', 'Assume', 'Cancelled', '2024-03-24 20:11:42');
INSERT INTO orders (id, user_id, order_date, purchased_item, order_status, time_of_purchase) VALUES (46, 33, '2024-07-10 21:23:31', 'Reason', 'Pending', '2024-07-10 21:23:31');
INSERT INTO orders (id, user_id, order_date, purchased_item, order_status, time_of_purchase) VALUES (47, 40, '2024-08-13 17:13:51', 'While', 'Cancelled', '2024-08-13 17:13:51');
INSERT INTO orders (id, user_id, order_date, purchased_item, order_status, time_of_purchase) VALUES (48, 49, '2024-03-20 00:26:02', 'According', 'Pending', '2024-03-20 00:26:02');
INSERT INTO orders (id, user_id, order_date, purchased_item, order_status, time_of_purchase) VALUES (49, 18, '2024-10-23 13:46:39', 'Girl', 'Completed', '2024-10-23 13:46:39');
INSERT INTO orders (id, user_id, order_date, purchased_item, order_status, time_of_purchase) VALUES (50, 10, '2024-04-19 07:10:04', 'International', 'Cancelled', '2024-04-19 07:10:04');
INSERT INTO orders (id, user_id, order_date, purchased_item, order_status, time_of_purchase) VALUES (51, 10, '2024-06-12 12:50:33', 'Open', 'Pending', '2024-06-12 12:50:33');
INSERT INTO orders (id, user_id, order_date, purchased_item, order_status, time_of_purchase) VALUES (52, 14, '2025-01-30 09:30:26', 'Feeling', 'Cancelled', '2025-01-30 09:30:26');
INSERT INTO orders (id, user_id, order_date, purchased_item, order_status, time_of_purchase) VALUES (53, 18, '2024-12-13 19:51:21', 'Exactly', 'Completed', '2024-12-13 19:51:21');
INSERT INTO orders (id, user_id, order_date, purchased_item, order_status, time_of_purchase) VALUES (54, 2, '2024-05-05 18:53:20', 'Picture', 'Cancelled', '2024-05-05 18:53:20');
INSERT INTO orders (id, user_id, order_date, purchased_item, order_status, time_of_purchase) VALUES (55, 11, '2024-12-03 06:05:51', 'Difficult', 'Completed', '2024-12-03 06:05:51');
INSERT INTO orders (id, user_id, order_date, purchased_item, order_status, time_of_purchase) VALUES (56, 38, '2024-12-22 20:32:56', 'Of', 'Completed', '2024-12-22 20:32:56');
INSERT INTO orders (id, user_id, order_date, purchased_item, order_status, time_of_purchase) VALUES (57, 10, '2024-11-16 09:53:49', 'Front', 'Completed', '2024-11-16 09:53:49');
INSERT INTO orders (id, user_id, order_date, purchased_item, order_status, time_of_purchase) VALUES (58, 29, '2024-11-22 08:06:39', 'Own', 'Completed', '2024-11-22 08:06:39');
INSERT INTO orders (id, user_id, order_date, purchased_item, order_status, time_of_purchase) VALUES (59, 49, '2024-06-06 04:27:20', 'Mean', 'Pending', '2024-06-06 04:27:20');
INSERT INTO orders (id, user_id, order_date, purchased_item, order_status, time_of_purchase) VALUES (60, 7, '2024-06-25 17:59:19', 'Cost', 'Cancelled', '2024-06-25 17:59:19');
INSERT INTO orders (id, user_id, order_date, purchased_item, order_status, time_of_purchase) VALUES (61, 3, '2024-08-26 20:47:17', 'Law', 'Pending', '2024-08-26 20:47:17');
INSERT INTO orders (id, user_id, order_date, purchased_item, order_status, time_of_purchase) VALUES (62, 38, '2024-08-11 08:12:31', 'Fact', 'Cancelled', '2024-08-11 08:12:31');
INSERT INTO orders (id, user_id, order_date, purchased_item, order_status, time_of_purchase) VALUES (63, 42, '2024-07-31 17:48:27', 'Give', 'Cancelled', '2024-07-31 17:48:27');
INSERT INTO orders (id, user_id, order_date, purchased_item, order_status, time_of_purchase) VALUES (64, 26, '2025-01-04 09:57:05', 'Hotel', 'Cancelled', '2025-01-04 09:57:05');
INSERT INTO orders (id, user_id, order_date, purchased_item, order_status, time_of_purchase) VALUES (65, 48, '2024-08-18 08:04:41', 'Arm', 'Completed', '2024-08-18 08:04:41');
INSERT INTO orders (id, user_id, order_date, purchased_item, order_status, time_of_purchase) VALUES (66, 7, '2024-07-18 19:47:14', 'Father', 'Pending', '2024-07-18 19:47:14');
INSERT INTO orders (id, user_id, order_date, purchased_item, order_status, time_of_purchase) VALUES (67, 40, '2024-03-06 18:36:20', 'Oil', 'Completed', '2024-03-06 18:36:20');
INSERT INTO orders (id, user_id, order_date, purchased_item, order_status, time_of_purchase) VALUES (68, 29, '2024-10-15 05:17:18', 'No', 'Pending', '2024-10-15 05:17:18');
INSERT INTO orders (id, user_id, order_date, purchased_item, order_status, time_of_purchase) VALUES (69, 23, '2024-08-23 12:17:02', 'Court', 'Cancelled', '2024-08-23 12:17:02');
INSERT INTO orders (id, user_id, order_date, purchased_item, order_status, time_of_purchase) VALUES (70, 33, '2024-03-15 04:39:13', 'Half', 'Completed', '2024-03-15 04:39:13');
INSERT INTO orders (id, user_id, order_date, purchased_item, order_status, time_of_purchase) VALUES (71, 10, '2024-11-13 11:11:07', 'Age', 'Pending', '2024-11-13 11:11:07');
INSERT INTO orders (id, user_id, order_date, purchased_item, order_status, time_of_purchase) VALUES (72, 22, '2024-02-28 02:47:41', 'Sure', 'Completed', '2024-02-28 02:47:41');
INSERT INTO orders (id, user_id, order_date, purchased_item, order_status, time_of_purchase) VALUES (73, 43, '2025-01-29 14:01:56', 'Walk', 'Cancelled', '2025-01-29 14:01:56');
INSERT INTO orders (id, user_id, order_date, purchased_item, order_status, time_of_purchase) VALUES (74, 23, '2024-04-08 21:35:13', 'Anyone', 'Pending', '2024-04-08 21:35:13');
INSERT INTO orders (id, user_id, order_date, purchased_item, order_status, time_of_purchase) VALUES (75, 30, '2024-03-24 23:18:03', 'Administration', 'Completed', '2024-03-24 23:18:03');
INSERT INTO orders (id, user_id, order_date, purchased_item, order_status, time_of_purchase) VALUES (76, 25, '2024-07-17 05:01:51', 'Wind', 'Completed', '2024-07-17 05:01:51');
INSERT INTO orders (id, user_id, order_date, purchased_item, order_status, time_of_purchase) VALUES (77, 26, '2024-05-05 23:20:47', 'Success', 'Cancelled', '2024-05-05 23:20:47');
INSERT INTO orders (id, user_id, order_date, purchased_item, order_status, time_of_purchase) VALUES (78, 34, '2024-04-13 13:39:42', 'If', 'Completed', '2024-04-13 13:39:42');
INSERT INTO orders (id, user_id, order_date, purchased_item, order_status, time_of_purchase) VALUES (79, 41, '2024-04-25 07:58:34', 'Think', 'Completed', '2024-04-25 07:58:34');
INSERT INTO orders (id, user_id, order_date, purchased_item, order_status, time_of_purchase) VALUES (80, 22, '2024-08-14 20:11:53', 'She', 'Completed', '2024-08-14 20:11:53');
INSERT INTO orders (id, user_id, order_date, purchased_item, order_status, time_of_purchase) VALUES (81, 10, '2024-09-19 21:37:17', 'Word', 'Cancelled', '2024-09-19 21:37:17');
INSERT INTO orders (id, user_id, order_date, purchased_item, order_status, time_of_purchase) VALUES (82, 37, '2024-04-29 22:45:03', 'Watch', 'Pending', '2024-04-29 22:45:03');
INSERT INTO orders (id, user_id, order_date, purchased_item, order_status, time_of_purchase) VALUES (83, 30, '2024-07-20 04:28:47', 'Then', 'Completed', '2024-07-20 04:28:47');
INSERT INTO orders (id, user_id, order_date, purchased_item, order_status, time_of_purchase) VALUES (84, 1, '2024-06-12 09:50:58', 'Author', 'Completed', '2024-06-12 09:50:58');
INSERT INTO orders (id, user_id, order_date, purchased_item, order_status, time_of_purchase) VALUES (85, 28, '2024-09-20 23:23:47', 'Else', 'Cancelled', '2024-09-20 23:23:47');
INSERT INTO orders (id, user_id, order_date, purchased_item, order_status, time_of_purchase) VALUES (86, 41, '2024-09-07 08:42:26', 'Move', 'Completed', '2024-09-07 08:42:26');
INSERT INTO orders (id, user_id, order_date, purchased_item, order_status, time_of_purchase) VALUES (87, 50, '2024-12-06 20:16:02', 'Always', 'Cancelled', '2024-12-06 20:16:02');
INSERT INTO orders (id, user_id, order_date, purchased_item, order_status, time_of_purchase) VALUES (88, 42, '2024-06-28 19:28:06', 'Story', 'Cancelled', '2024-06-28 19:28:06');
INSERT INTO orders (id, user_id, order_date, purchased_item, order_status, time_of_purchase) VALUES (89, 47, '2024-10-25 22:33:20', 'Leave', 'Pending', '2024-10-25 22:33:20');
INSERT INTO orders (id, user_id, order_date, purchased_item, order_status, time_of_purchase) VALUES (90, 40, '2024-10-19 16:52:03', 'See', 'Pending', '2024-10-19 16:52:03');
INSERT INTO orders (id, user_id, order_date, purchased_item, order_status, time_of_purchase) VALUES (91, 23, '2024-10-13 18:41:57', 'Money', 'Cancelled', '2024-10-13 18:41:57');
INSERT INTO orders (id, user_id, order_date, purchased_item, order_status, time_of_purchase) VALUES (92, 2, '2024-05-04 14:19:29', 'Car', 'Cancelled', '2024-05-04 14:19:29');
INSERT INTO orders (id, user_id, order_date, purchased_item, order_status, time_of_purchase) VALUES (93, 48, '2024-10-04 18:56:39', 'Call', 'Completed', '2024-10-04 18:56:39');
INSERT INTO orders (id, user_id, order_date, purchased_item, order_status, time_of_purchase) VALUES (94, 28, '2024-02-28 01:47:34', 'Read', 'Cancelled', '2024-02-28 01:47:34');
INSERT INTO orders (id, user_id, order_date, purchased_item, order_status, time_of_purchase) VALUES (95, 38, '2024-12-06 08:35:26', 'Never', 'Completed', '2024-12-06 08:35:26');
INSERT INTO orders (id, user_id, order_date, purchased_item, order_status, time_of_purchase) VALUES (96, 32, '2024-05-03 02:11:37', 'Team', 'Cancelled', '2024-05-03 02:11:37');
INSERT INTO orders (id, user_id, order_date, purchased_item, order_status, time_of_purchase) VALUES (97, 12, '2024-12-13 23:37:44', 'Real', 'Completed', '2024-12-13 23:37:44');
INSERT INTO orders (id, user_id, order_date, purchased_item, order_status, time_of_purchase) VALUES (98, 19, '2024-06-09 18:40:22', 'Dinner', 'Cancelled', '2024-06-09 18:40:22');
INSERT INTO orders (id, user_id, order_date, purchased_item, order_status, time_of_purchase) VALUES (99, 42, '2025-01-20 13:44:25', 'Design', 'Pending', '2025-01-20 13:44:25');
INSERT INTO orders (id, user_id, order_date, purchased_item, order_status, time_of_purchase) VALUES (100, 23, '2024-11-09 15:26:14', 'Personal', 'Cancelled', '2024-11-09 15:26:14');
INSERT INTO orders (id, user_id, order_date, purchased_item, order_status, time_of_purchase) VALUES (101, 42, '2025-02-02 12:07:33', 'Leader', 'Completed', '2025-02-02 12:07:33');
INSERT INTO orders (id, user_id, order_date, purchased_item, order_status, time_of_purchase) VALUES (102, 32, '2024-09-30 17:20:08', 'Focus', 'Cancelled', '2024-09-30 17:20:08');
INSERT INTO orders (id, user_id, order_date, purchased_item, order_status, time_of_purchase) VALUES (103, 31, '2024-03-19 19:20:59', 'Drop', 'Cancelled', '2024-03-19 19:20:59');
INSERT INTO orders (id, user_id, order_date, purchased_item, order_status, time_of_purchase) VALUES (104, 15, '2024-08-19 00:35:31', 'Right', 'Cancelled', '2024-08-19 00:35:31');
INSERT INTO orders (id, user_id, order_date, purchased_item, order_status, time_of_purchase) VALUES (105, 49, '2024-05-02 11:45:19', 'Wait', 'Completed', '2024-05-02 11:45:19');
INSERT INTO orders (id, user_id, order_date, purchased_item, order_status, time_of_purchase) VALUES (106, 3, '2024-10-18 03:41:38', 'Customer', 'Pending', '2024-10-18 03:41:38');
INSERT INTO orders (id, user_id, order_date, purchased_item, order_status, time_of_purchase) VALUES (107, 18, '2024-03-06 19:52:31', 'His', 'Cancelled', '2024-03-06 19:52:31');
INSERT INTO orders (id, user_id, order_date, purchased_item, order_status, time_of_purchase) VALUES (108, 37, '2024-10-14 05:43:00', 'Listen', 'Completed', '2024-10-14 05:43:00');
INSERT INTO orders (id, user_id, order_date, purchased_item, order_status, time_of_purchase) VALUES (109, 27, '2025-01-15 04:13:34', 'Market', 'Pending', '2025-01-15 04:13:34');
INSERT INTO orders (id, user_id, order_date, purchased_item, order_status, time_of_purchase) VALUES (110, 29, '2025-01-02 15:53:57', 'Movie', 'Pending', '2025-01-02 15:53:57');
INSERT INTO orders (id, user_id, order_date, purchased_item, order_status, time_of_purchase) VALUES (111, 29, '2024-07-04 04:26:25', 'If', 'Cancelled', '2024-07-04 04:26:25');
INSERT INTO orders (id, user_id, order_date, purchased_item, order_status, time_of_purchase) VALUES (112, 6, '2024-10-11 15:55:35', 'Tend', 'Completed', '2024-10-11 15:55:35');
INSERT INTO orders (id, user_id, order_date, purchased_item, order_status, time_of_purchase) VALUES (113, 5, '2024-03-31 07:49:05', 'Media', 'Cancelled', '2024-03-31 07:49:05');
INSERT INTO orders (id, user_id, order_date, purchased_item, order_status, time_of_purchase) VALUES (114, 43, '2024-07-23 22:31:01', 'Sit', 'Pending', '2024-07-23 22:31:01');
INSERT INTO orders (id, user_id, order_date, purchased_item, order_status, time_of_purchase) VALUES (115, 6, '2024-08-05 22:09:18', 'Claim', 'Cancelled', '2024-08-05 22:09:18');
INSERT INTO orders (id, user_id, order_date, purchased_item, order_status, time_of_purchase) VALUES (116, 13, '2024-04-27 10:43:21', 'Series', 'Cancelled', '2024-04-27 10:43:21');
INSERT INTO orders (id, user_id, order_date, purchased_item, order_status, time_of_purchase) VALUES (117, 30, '2024-06-16 14:36:17', 'Me', 'Cancelled', '2024-06-16 14:36:17');
INSERT INTO orders (id, user_id, order_date, purchased_item, order_status, time_of_purchase) VALUES (118, 2, '2025-01-11 08:14:56', 'Interest', 'Cancelled', '2025-01-11 08:14:56');
INSERT INTO orders (id, user_id, order_date, purchased_item, order_status, time_of_purchase) VALUES (119, 10, '2024-09-05 19:35:02', 'All', 'Completed', '2024-09-05 19:35:02');
INSERT INTO orders (id, user_id, order_date, purchased_item, order_status, time_of_purchase) VALUES (120, 35, '2024-08-22 22:11:49', 'Worker', 'Completed', '2024-08-22 22:11:49');
INSERT INTO orders (id, user_id, order_date, purchased_item, order_status, time_of_purchase) VALUES (121, 23, '2025-01-30 12:49:03', 'Writer', 'Cancelled', '2025-01-30 12:49:03');
INSERT INTO orders (id, user_id, order_date, purchased_item, order_status, time_of_purchase) VALUES (122, 31, '2024-03-06 05:39:32', 'Voice', 'Completed', '2024-03-06 05:39:32');
INSERT INTO orders (id, user_id, order_date, purchased_item, order_status, time_of_purchase) VALUES (123, 29, '2024-09-13 19:17:39', 'Court', 'Cancelled', '2024-09-13 19:17:39');
INSERT INTO orders (id, user_id, order_date, purchased_item, order_status, time_of_purchase) VALUES (124, 9, '2025-01-06 20:14:22', 'Light', 'Completed', '2025-01-06 20:14:22');
INSERT INTO orders (id, user_id, order_date, purchased_item, order_status, time_of_purchase) VALUES (125, 7, '2024-09-06 12:02:55', 'Recognize', 'Completed', '2024-09-06 12:02:55');
INSERT INTO orders (id, user_id, order_date, purchased_item, order_status, time_of_purchase) VALUES (126, 16, '2025-01-07 20:53:04', 'Race', 'Cancelled', '2025-01-07 20:53:04');
INSERT INTO orders (id, user_id, order_date, purchased_item, order_status, time_of_purchase) VALUES (127, 6, '2024-09-26 16:02:30', 'Keep', 'Completed', '2024-09-26 16:02:30');
INSERT INTO orders (id, user_id, order_date, purchased_item, order_status, time_of_purchase) VALUES (128, 44, '2025-02-14 23:11:13', 'Experience', 'Cancelled', '2025-02-14 23:11:13');
INSERT INTO orders (id, user_id, order_date, purchased_item, order_status, time_of_purchase) VALUES (129, 6, '2024-10-08 09:31:59', 'Mean', 'Completed', '2024-10-08 09:31:59');
INSERT INTO orders (id, user_id, order_date, purchased_item, order_status, time_of_purchase) VALUES (130, 38, '2024-10-09 23:54:09', 'One', 'Pending', '2024-10-09 23:54:09');
INSERT INTO orders (id, user_id, order_date, purchased_item, order_status, time_of_purchase) VALUES (131, 47, '2024-10-07 07:20:17', 'Understand', 'Pending', '2024-10-07 07:20:17');
INSERT INTO orders (id, user_id, order_date, purchased_item, order_status, time_of_purchase) VALUES (132, 50, '2024-07-29 02:41:57', 'Lot', 'Completed', '2024-07-29 02:41:57');
INSERT INTO orders (id, user_id, order_date, purchased_item, order_status, time_of_purchase) VALUES (133, 28, '2024-12-31 20:44:41', 'Sing', 'Cancelled', '2024-12-31 20:44:41');
INSERT INTO orders (id, user_id, order_date, purchased_item, order_status, time_of_purchase) VALUES (134, 21, '2024-03-27 08:55:46', 'High', 'Completed', '2024-03-27 08:55:46');
INSERT INTO orders (id, user_id, order_date, purchased_item, order_status, time_of_purchase) VALUES (135, 18, '2024-06-15 05:19:14', 'Newspaper', 'Completed', '2024-06-15 05:19:14');
INSERT INTO orders (id, user_id, order_date, purchased_item, order_status, time_of_purchase) VALUES (136, 34, '2024-11-04 07:41:09', 'Soon', 'Pending', '2024-11-04 07:41:09');
INSERT INTO orders (id, user_id, order_date, purchased_item, order_status, time_of_purchase) VALUES (137, 17, '2024-06-17 20:50:44', 'According', 'Cancelled', '2024-06-17 20:50:44');
INSERT INTO orders (id, user_id, order_date, purchased_item, order_status, time_of_purchase) VALUES (138, 31, '2024-09-12 02:10:15', 'Get', 'Cancelled', '2024-09-12 02:10:15');
INSERT INTO orders (id, user_id, order_date, purchased_item, order_status, time_of_purchase) VALUES (139, 13, '2024-10-23 01:06:29', 'What', 'Pending', '2024-10-23 01:06:29');
INSERT INTO orders (id, user_id, order_date, purchased_item, order_status, time_of_purchase) VALUES (140, 31, '2024-03-09 10:54:19', 'Way', 'Pending', '2024-03-09 10:54:19');
INSERT INTO orders (id, user_id, order_date, purchased_item, order_status, time_of_purchase) VALUES (141, 41, '2024-07-23 07:43:34', 'Window', 'Cancelled', '2024-07-23 07:43:34');
INSERT INTO orders (id, user_id, order_date, purchased_item, order_status, time_of_purchase) VALUES (142, 17, '2025-01-31 05:17:58', 'Start', 'Cancelled', '2025-01-31 05:17:58');
INSERT INTO orders (id, user_id, order_date, purchased_item, order_status, time_of_purchase) VALUES (143, 39, '2024-12-13 16:46:13', 'Across', 'Cancelled', '2024-12-13 16:46:13');
INSERT INTO orders (id, user_id, order_date, purchased_item, order_status, time_of_purchase) VALUES (144, 46, '2024-04-03 08:46:54', 'Keep', 'Completed', '2024-04-03 08:46:54');
INSERT INTO orders (id, user_id, order_date, purchased_item, order_status, time_of_purchase) VALUES (145, 46, '2024-12-22 23:14:53', 'Unit', 'Pending', '2024-12-22 23:14:53');
INSERT INTO orders (id, user_id, order_date, purchased_item, order_status, time_of_purchase) VALUES (146, 23, '2024-09-12 13:10:40', 'Its', 'Cancelled', '2024-09-12 13:10:40');
INSERT INTO orders (id, user_id, order_date, purchased_item, order_status, time_of_purchase) VALUES (147, 2, '2024-08-04 01:12:32', 'Have', 'Completed', '2024-08-04 01:12:32');
INSERT INTO orders (id, user_id, order_date, purchased_item, order_status, time_of_purchase) VALUES (148, 37, '2024-07-22 03:05:47', 'Early', 'Pending', '2024-07-22 03:05:47');
INSERT INTO orders (id, user_id, order_date, purchased_item, order_status, time_of_purchase) VALUES (149, 39, '2024-05-21 14:37:43', 'Reality', 'Cancelled', '2024-05-21 14:37:43');
INSERT INTO orders (id, user_id, order_date, purchased_item, order_status, time_of_purchase) VALUES (150, 26, '2024-09-13 12:37:08', 'Him', 'Completed', '2024-09-13 12:37:08');
INSERT INTO orders (id, user_id, order_date, purchased_item, order_status, time_of_purchase) VALUES (151, 23, '2024-09-30 18:34:09', 'Figure', 'Cancelled', '2024-09-30 18:34:09');
INSERT INTO orders (id, user_id, order_date, purchased_item, order_status, time_of_purchase) VALUES (152, 8, '2024-07-29 21:34:40', 'Them', 'Completed', '2024-07-29 21:34:40');
INSERT INTO orders (id, user_id, order_date, purchased_item, order_status, time_of_purchase) VALUES (153, 4, '2025-02-11 20:01:53', 'Pressure', 'Cancelled', '2025-02-11 20:01:53');
INSERT INTO orders (id, user_id, order_date, purchased_item, order_status, time_of_purchase) VALUES (154, 35, '2024-09-19 10:21:45', 'On', 'Pending', '2024-09-19 10:21:45');
INSERT INTO orders (id, user_id, order_date, purchased_item, order_status, time_of_purchase) VALUES (155, 43, '2024-10-17 08:55:59', 'Figure', 'Completed', '2024-10-17 08:55:59');
INSERT INTO orders (id, user_id, order_date, purchased_item, order_status, time_of_purchase) VALUES (156, 37, '2024-05-04 21:28:28', 'Begin', 'Completed', '2024-05-04 21:28:28');
INSERT INTO orders (id, user_id, order_date, purchased_item, order_status, time_of_purchase) VALUES (157, 23, '2024-09-22 00:12:22', 'Third', 'Completed', '2024-09-22 00:12:22');
INSERT INTO orders (id, user_id, order_date, purchased_item, order_status, time_of_purchase) VALUES (158, 46, '2024-11-17 14:19:28', 'Art', 'Completed', '2024-11-17 14:19:28');
INSERT INTO orders (id, user_id, order_date, purchased_item, order_status, time_of_purchase) VALUES (159, 31, '2024-06-03 23:26:16', 'Type', 'Pending', '2024-06-03 23:26:16');
INSERT INTO orders (id, user_id, order_date, purchased_item, order_status, time_of_purchase) VALUES (160, 31, '2024-10-23 04:40:21', 'Color', 'Completed', '2024-10-23 04:40:21');
INSERT INTO orders (id, user_id, order_date, purchased_item, order_status, time_of_purchase) VALUES (161, 48, '2025-01-15 04:00:05', 'Civil', 'Cancelled', '2025-01-15 04:00:05');
INSERT INTO orders (id, user_id, order_date, purchased_item, order_status, time_of_purchase) VALUES (162, 4, '2024-10-08 02:50:00', 'Within', 'Pending', '2024-10-08 02:50:00');
INSERT INTO orders (id, user_id, order_date, purchased_item, order_status, time_of_purchase) VALUES (163, 41, '2024-08-23 05:23:42', 'Economic', 'Pending', '2024-08-23 05:23:42');
INSERT INTO orders (id, user_id, order_date, purchased_item, order_status, time_of_purchase) VALUES (164, 19, '2024-06-04 21:38:58', 'Computer', 'Cancelled', '2024-06-04 21:38:58');
INSERT INTO orders (id, user_id, order_date, purchased_item, order_status, time_of_purchase) VALUES (165, 21, '2024-06-12 18:34:32', 'Message', 'Cancelled', '2024-06-12 18:34:32');
INSERT INTO orders (id, user_id, order_date, purchased_item, order_status, time_of_purchase) VALUES (166, 30, '2024-11-06 10:14:34', 'Like', 'Cancelled', '2024-11-06 10:14:34');
INSERT INTO orders (id, user_id, order_date, purchased_item, order_status, time_of_purchase) VALUES (167, 47, '2024-09-12 11:00:14', 'Pretty', 'Pending', '2024-09-12 11:00:14');
INSERT INTO orders (id, user_id, order_date, purchased_item, order_status, time_of_purchase) VALUES (168, 8, '2025-01-31 02:43:46', 'Level', 'Cancelled', '2025-01-31 02:43:46');
INSERT INTO orders (id, user_id, order_date, purchased_item, order_status, time_of_purchase) VALUES (169, 44, '2024-06-22 01:05:40', 'Trouble', 'Pending', '2024-06-22 01:05:40');
INSERT INTO orders (id, user_id, order_date, purchased_item, order_status, time_of_purchase) VALUES (170, 8, '2024-05-13 21:41:14', 'Total', 'Pending', '2024-05-13 21:41:14');
INSERT INTO orders (id, user_id, order_date, purchased_item, order_status, time_of_purchase) VALUES (171, 42, '2024-07-22 14:18:31', 'Change', 'Pending', '2024-07-22 14:18:31');
INSERT INTO orders (id, user_id, order_date, purchased_item, order_status, time_of_purchase) VALUES (172, 32, '2024-11-26 03:14:06', 'Series', 'Cancelled', '2024-11-26 03:14:06');
INSERT INTO orders (id, user_id, order_date, purchased_item, order_status, time_of_purchase) VALUES (173, 39, '2024-05-08 22:37:56', 'Current', 'Completed', '2024-05-08 22:37:56');
INSERT INTO orders (id, user_id, order_date, purchased_item, order_status, time_of_purchase) VALUES (174, 5, '2025-02-07 10:42:48', 'Language', 'Pending', '2025-02-07 10:42:48');
INSERT INTO orders (id, user_id, order_date, purchased_item, order_status, time_of_purchase) VALUES (175, 17, '2024-04-24 23:14:16', 'Ability', 'Pending', '2024-04-24 23:14:16');
INSERT INTO orders (id, user_id, order_date, purchased_item, order_status, time_of_purchase) VALUES (176, 1, '2025-01-18 04:03:31', 'Style', 'Cancelled', '2025-01-18 04:03:31');
INSERT INTO orders (id, user_id, order_date, purchased_item, order_status, time_of_purchase) VALUES (177, 37, '2024-12-08 12:59:22', 'From', 'Cancelled', '2024-12-08 12:59:22');
INSERT INTO orders (id, user_id, order_date, purchased_item, order_status, time_of_purchase) VALUES (178, 19, '2024-03-21 16:06:01', 'Small', 'Completed', '2024-03-21 16:06:01');
INSERT INTO orders (id, user_id, order_date, purchased_item, order_status, time_of_purchase) VALUES (179, 26, '2024-11-01 03:59:26', 'Hot', 'Pending', '2024-11-01 03:59:26');
INSERT INTO orders (id, user_id, order_date, purchased_item, order_status, time_of_purchase) VALUES (180, 22, '2024-10-09 02:32:41', 'Fish', 'Completed', '2024-10-09 02:32:41');
INSERT INTO orders (id, user_id, order_date, purchased_item, order_status, time_of_purchase) VALUES (181, 50, '2025-01-10 17:18:51', 'Ever', 'Pending', '2025-01-10 17:18:51');
INSERT INTO orders (id, user_id, order_date, purchased_item, order_status, time_of_purchase) VALUES (182, 49, '2025-01-26 06:30:33', 'Western', 'Cancelled', '2025-01-26 06:30:33');
INSERT INTO orders (id, user_id, order_date, purchased_item, order_status, time_of_purchase) VALUES (183, 34, '2024-09-20 02:54:04', 'Author', 'Pending', '2024-09-20 02:54:04');
INSERT INTO orders (id, user_id, order_date, purchased_item, order_status, time_of_purchase) VALUES (184, 17, '2024-05-13 06:11:29', 'Feeling', 'Completed', '2024-05-13 06:11:29');
INSERT INTO orders (id, user_id, order_date, purchased_item, order_status, time_of_purchase) VALUES (185, 37, '2024-03-18 05:13:14', 'Every', 'Completed', '2024-03-18 05:13:14');
INSERT INTO orders (id, user_id, order_date, purchased_item, order_status, time_of_purchase) VALUES (186, 36, '2024-03-01 12:34:28', 'Garden', 'Pending', '2024-03-01 12:34:28');
INSERT INTO orders (id, user_id, order_date, purchased_item, order_status, time_of_purchase) VALUES (187, 38, '2024-11-11 16:08:58', 'However', 'Completed', '2024-11-11 16:08:58');
INSERT INTO orders (id, user_id, order_date, purchased_item, order_status, time_of_purchase) VALUES (188, 44, '2024-03-01 09:33:55', 'Generation', 'Completed', '2024-03-01 09:33:55');
INSERT INTO orders (id, user_id, order_date, purchased_item, order_status, time_of_purchase) VALUES (189, 15, '2024-11-30 15:13:08', 'Few', 'Pending', '2024-11-30 15:13:08');
INSERT INTO orders (id, user_id, order_date, purchased_item, order_status, time_of_purchase) VALUES (190, 19, '2024-08-01 15:58:23', 'Girl', 'Completed', '2024-08-01 15:58:23');
INSERT INTO orders (id, user_id, order_date, purchased_item, order_status, time_of_purchase) VALUES (191, 43, '2024-08-12 13:34:54', 'Police', 'Cancelled', '2024-08-12 13:34:54');
INSERT INTO orders (id, user_id, order_date, purchased_item, order_status, time_of_purchase) VALUES (192, 46, '2024-07-27 00:25:31', 'Finish', 'Completed', '2024-07-27 00:25:31');
INSERT INTO orders (id, user_id, order_date, purchased_item, order_status, time_of_purchase) VALUES (193, 23, '2024-06-18 22:25:27', 'Season', 'Cancelled', '2024-06-18 22:25:27');
INSERT INTO orders (id, user_id, order_date, purchased_item, order_status, time_of_purchase) VALUES (194, 32, '2024-05-19 17:38:13', 'Rich', 'Pending', '2024-05-19 17:38:13');
INSERT INTO orders (id, user_id, order_date, purchased_item, order_status, time_of_purchase) VALUES (195, 18, '2024-05-06 19:33:27', 'North', 'Pending', '2024-05-06 19:33:27');
INSERT INTO orders (id, user_id, order_date, purchased_item, order_status, time_of_purchase) VALUES (196, 27, '2024-05-22 02:45:28', 'Develop', 'Completed', '2024-05-22 02:45:28');
INSERT INTO orders (id, user_id, order_date, purchased_item, order_status, time_of_purchase) VALUES (197, 32, '2024-12-18 03:27:46', 'Reach', 'Pending', '2024-12-18 03:27:46');
INSERT INTO orders (id, user_id, order_date, purchased_item, order_status, time_of_purchase) VALUES (198, 39, '2024-04-01 14:46:59', 'Throughout', 'Pending', '2024-04-01 14:46:59');
INSERT INTO orders (id, user_id, order_date, purchased_item, order_status, time_of_purchase) VALUES (199, 4, '2024-11-22 21:55:33', 'Nor', 'Cancelled', '2024-11-22 21:55:33');
INSERT INTO orders (id, user_id, order_date, purchased_item, order_status, time_of_purchase) VALUES (200, 18, '2024-08-25 07:19:44', 'Nature', 'Cancelled', '2024-08-25 07:19:44');
INSERT INTO orders (id, user_id, order_date, purchased_item, order_status, time_of_purchase) VALUES (201, 40, '2024-05-04 17:42:55', 'None', 'Pending', '2024-05-04 17:42:55');
INSERT INTO orders (id, user_id, order_date, purchased_item, order_status, time_of_purchase) VALUES (202, 9, '2024-04-06 20:53:06', 'Government', 'Cancelled', '2024-04-06 20:53:06');
INSERT INTO orders (id, user_id, order_date, purchased_item, order_status, time_of_purchase) VALUES (203, 40, '2024-08-21 01:24:47', 'Discussion', 'Completed', '2024-08-21 01:24:47');
INSERT INTO orders (id, user_id, order_date, purchased_item, order_status, time_of_purchase) VALUES (204, 30, '2024-04-16 04:26:34', 'Sea', 'Cancelled', '2024-04-16 04:26:34');
INSERT INTO orders (id, user_id, order_date, purchased_item, order_status, time_of_purchase) VALUES (205, 6, '2024-03-27 03:02:01', 'Management', 'Cancelled', '2024-03-27 03:02:01');
INSERT INTO orders (id, user_id, order_date, purchased_item, order_status, time_of_purchase) VALUES (206, 10, '2024-07-24 12:38:26', 'What', 'Completed', '2024-07-24 12:38:26');
INSERT INTO orders (id, user_id, order_date, purchased_item, order_status, time_of_purchase) VALUES (207, 39, '2024-06-01 18:07:08', 'Respond', 'Pending', '2024-06-01 18:07:08');
INSERT INTO orders (id, user_id, order_date, purchased_item, order_status, time_of_purchase) VALUES (208, 11, '2024-09-17 00:16:55', 'Never', 'Pending', '2024-09-17 00:16:55');
INSERT INTO orders (id, user_id, order_date, purchased_item, order_status, time_of_purchase) VALUES (209, 39, '2024-04-04 02:48:49', 'Draw', 'Cancelled', '2024-04-04 02:48:49');
INSERT INTO orders (id, user_id, order_date, purchased_item, order_status, time_of_purchase) VALUES (210, 34, '2024-03-06 12:58:24', 'Computer', 'Cancelled', '2024-03-06 12:58:24');
INSERT INTO orders (id, user_id, order_date, purchased_item, order_status, time_of_purchase) VALUES (211, 7, '2025-01-18 21:21:54', 'Surface', 'Cancelled', '2025-01-18 21:21:54');
INSERT INTO orders (id, user_id, order_date, purchased_item, order_status, time_of_purchase) VALUES (212, 10, '2024-05-04 10:37:06', 'House', 'Cancelled', '2024-05-04 10:37:06');
INSERT INTO orders (id, user_id, order_date, purchased_item, order_status, time_of_purchase) VALUES (213, 41, '2024-12-14 06:05:47', 'Player', 'Pending', '2024-12-14 06:05:47');
INSERT INTO orders (id, user_id, order_date, purchased_item, order_status, time_of_purchase) VALUES (214, 32, '2024-02-26 05:30:24', 'Scene', 'Pending', '2024-02-26 05:30:24');
INSERT INTO orders (id, user_id, order_date, purchased_item, order_status, time_of_purchase) VALUES (215, 37, '2024-07-23 22:52:41', 'Reach', 'Cancelled', '2024-07-23 22:52:41');
INSERT INTO orders (id, user_id, order_date, purchased_item, order_status, time_of_purchase) VALUES (216, 23, '2024-10-13 15:50:58', 'Account', 'Completed', '2024-10-13 15:50:58');
INSERT INTO orders (id, user_id, order_date, purchased_item, order_status, time_of_purchase) VALUES (217, 23, '2024-05-07 21:33:52', 'Figure', 'Completed', '2024-05-07 21:33:52');
INSERT INTO orders (id, user_id, order_date, purchased_item, order_status, time_of_purchase) VALUES (218, 35, '2024-12-12 15:00:32', 'Very', 'Completed', '2024-12-12 15:00:32');
INSERT INTO orders (id, user_id, order_date, purchased_item, order_status, time_of_purchase) VALUES (219, 25, '2024-08-27 03:01:33', 'Interesting', 'Completed', '2024-08-27 03:01:33');
INSERT INTO orders (id, user_id, order_date, purchased_item, order_status, time_of_purchase) VALUES (220, 50, '2024-04-10 16:52:44', 'Parent', 'Completed', '2024-04-10 16:52:44');
INSERT INTO orders (id, user_id, order_date, purchased_item, order_status, time_of_purchase) VALUES (221, 49, '2024-11-28 22:38:19', 'Exactly', 'Completed', '2024-11-28 22:38:19');
INSERT INTO orders (id, user_id, order_date, purchased_item, order_status, time_of_purchase) VALUES (222, 25, '2024-06-05 22:22:42', 'Those', 'Pending', '2024-06-05 22:22:42');
INSERT INTO orders (id, user_id, order_date, purchased_item, order_status, time_of_purchase) VALUES (223, 27, '2025-02-15 22:55:55', 'Fish', 'Pending', '2025-02-15 22:55:55');
INSERT INTO orders (id, user_id, order_date, purchased_item, order_status, time_of_purchase) VALUES (224, 27, '2024-07-11 02:49:36', 'Course', 'Completed', '2024-07-11 02:49:36');
INSERT INTO orders (id, user_id, order_date, purchased_item, order_status, time_of_purchase) VALUES (225, 32, '2024-08-06 15:04:16', 'Almost', 'Completed', '2024-08-06 15:04:16');
INSERT INTO orders (id, user_id, order_date, purchased_item, order_status, time_of_purchase) VALUES (226, 8, '2024-03-27 20:59:49', 'Ask', 'Completed', '2024-03-27 20:59:49');
INSERT INTO orders (id, user_id, order_date, purchased_item, order_status, time_of_purchase) VALUES (227, 46, '2024-06-22 02:11:59', 'Among', 'Pending', '2024-06-22 02:11:59');
INSERT INTO orders (id, user_id, order_date, purchased_item, order_status, time_of_purchase) VALUES (228, 44, '2025-02-07 06:08:41', 'Line', 'Completed', '2025-02-07 06:08:41');
INSERT INTO orders (id, user_id, order_date, purchased_item, order_status, time_of_purchase) VALUES (229, 21, '2025-02-02 11:42:48', 'Where', 'Cancelled', '2025-02-02 11:42:48');
INSERT INTO orders (id, user_id, order_date, purchased_item, order_status, time_of_purchase) VALUES (230, 2, '2024-04-27 17:35:53', 'Gas', 'Cancelled', '2024-04-27 17:35:53');
INSERT INTO orders (id, user_id, order_date, purchased_item, order_status, time_of_purchase) VALUES (231, 28, '2024-07-15 04:00:47', 'Law', 'Cancelled', '2024-07-15 04:00:47');
INSERT INTO orders (id, user_id, order_date, purchased_item, order_status, time_of_purchase) VALUES (232, 5, '2024-08-25 21:05:07', 'Manage', 'Cancelled', '2024-08-25 21:05:07');
INSERT INTO orders (id, user_id, order_date, purchased_item, order_status, time_of_purchase) VALUES (233, 37, '2024-02-25 19:23:13', 'It', 'Completed', '2024-02-25 19:23:13');
INSERT INTO orders (id, user_id, order_date, purchased_item, order_status, time_of_purchase) VALUES (234, 25, '2024-03-31 16:06:52', 'Now', 'Cancelled', '2024-03-31 16:06:52');
INSERT INTO orders (id, user_id, order_date, purchased_item, order_status, time_of_purchase) VALUES (235, 49, '2025-02-04 21:13:13', 'At', 'Cancelled', '2025-02-04 21:13:13');
INSERT INTO orders (id, user_id, order_date, purchased_item, order_status, time_of_purchase) VALUES (236, 42, '2024-12-12 07:35:50', 'Pressure', 'Pending', '2024-12-12 07:35:50');
INSERT INTO orders (id, user_id, order_date, purchased_item, order_status, time_of_purchase) VALUES (237, 12, '2025-01-06 03:57:55', 'Once', 'Cancelled', '2025-01-06 03:57:55');
INSERT INTO orders (id, user_id, order_date, purchased_item, order_status, time_of_purchase) VALUES (238, 41, '2025-02-01 17:47:13', 'In', 'Pending', '2025-02-01 17:47:13');
INSERT INTO orders (id, user_id, order_date, purchased_item, order_status, time_of_purchase) VALUES (239, 38, '2024-05-01 13:40:31', 'Money', 'Pending', '2024-05-01 13:40:31');
INSERT INTO orders (id, user_id, order_date, purchased_item, order_status, time_of_purchase) VALUES (240, 29, '2025-01-02 04:57:37', 'I', 'Pending', '2025-01-02 04:57:37');
INSERT INTO orders (id, user_id, order_date, purchased_item, order_status, time_of_purchase) VALUES (241, 5, '2024-10-11 22:54:59', 'Soldier', 'Cancelled', '2024-10-11 22:54:59');
INSERT INTO orders (id, user_id, order_date, purchased_item, order_status, time_of_purchase) VALUES (242, 3, '2024-11-21 21:56:56', 'Source', 'Pending', '2024-11-21 21:56:56');
INSERT INTO orders (id, user_id, order_date, purchased_item, order_status, time_of_purchase) VALUES (243, 36, '2024-05-28 11:16:32', 'Own', 'Pending', '2024-05-28 11:16:32');
INSERT INTO orders (id, user_id, order_date, purchased_item, order_status, time_of_purchase) VALUES (244, 29, '2024-09-11 07:02:05', 'Grow', 'Completed', '2024-09-11 07:02:05');
INSERT INTO orders (id, user_id, order_date, purchased_item, order_status, time_of_purchase) VALUES (245, 35, '2024-12-13 14:48:00', 'Perform', 'Pending', '2024-12-13 14:48:00');
INSERT INTO orders (id, user_id, order_date, purchased_item, order_status, time_of_purchase) VALUES (246, 10, '2024-04-16 01:34:00', 'Result', 'Cancelled', '2024-04-16 01:34:00');
INSERT INTO orders (id, user_id, order_date, purchased_item, order_status, time_of_purchase) VALUES (247, 5, '2024-08-02 15:50:01', 'Shoulder', 'Cancelled', '2024-08-02 15:50:01');
INSERT INTO orders (id, user_id, order_date, purchased_item, order_status, time_of_purchase) VALUES (248, 27, '2024-05-14 14:20:32', 'Break', 'Pending', '2024-05-14 14:20:32');
INSERT INTO orders (id, user_id, order_date, purchased_item, order_status, time_of_purchase) VALUES (249, 43, '2025-02-14 09:24:26', 'Truth', 'Completed', '2025-02-14 09:24:26');
INSERT INTO orders (id, user_id, order_date, purchased_item, order_status, time_of_purchase) VALUES (250, 39, '2024-12-07 07:06:50', 'Popular', 'Completed', '2024-12-07 07:06:50');
INSERT INTO orders (id, user_id, order_date, purchased_item, order_status, time_of_purchase) VALUES (251, 20, '2024-07-20 08:16:20', 'New', 'Completed', '2024-07-20 08:16:20');
INSERT INTO orders (id, user_id, order_date, purchased_item, order_status, time_of_purchase) VALUES (252, 24, '2024-06-24 10:05:28', 'Contain', 'Completed', '2024-06-24 10:05:28');
INSERT INTO orders (id, user_id, order_date, purchased_item, order_status, time_of_purchase) VALUES (253, 36, '2024-10-13 09:11:32', 'Heart', 'Cancelled', '2024-10-13 09:11:32');
INSERT INTO orders (id, user_id, order_date, purchased_item, order_status, time_of_purchase) VALUES (254, 31, '2024-12-01 09:21:56', 'Child', 'Completed', '2024-12-01 09:21:56');
INSERT INTO orders (id, user_id, order_date, purchased_item, order_status, time_of_purchase) VALUES (255, 5, '2024-09-15 19:24:50', 'Blue', 'Cancelled', '2024-09-15 19:24:50');
INSERT INTO orders (id, user_id, order_date, purchased_item, order_status, time_of_purchase) VALUES (256, 8, '2024-08-03 07:46:22', 'Structure', 'Pending', '2024-08-03 07:46:22');
INSERT INTO orders (id, user_id, order_date, purchased_item, order_status, time_of_purchase) VALUES (257, 35, '2024-11-11 08:08:02', 'Various', 'Pending', '2024-11-11 08:08:02');
INSERT INTO orders (id, user_id, order_date, purchased_item, order_status, time_of_purchase) VALUES (258, 15, '2024-08-06 10:14:11', 'Ahead', 'Completed', '2024-08-06 10:14:11');
INSERT INTO orders (id, user_id, order_date, purchased_item, order_status, time_of_purchase) VALUES (259, 25, '2024-12-04 00:52:12', 'Travel', 'Pending', '2024-12-04 00:52:12');
INSERT INTO orders (id, user_id, order_date, purchased_item, order_status, time_of_purchase) VALUES (260, 28, '2025-02-19 03:05:52', 'Feeling', 'Completed', '2025-02-19 03:05:52');
INSERT INTO orders (id, user_id, order_date, purchased_item, order_status, time_of_purchase) VALUES (261, 36, '2024-11-01 21:43:44', 'Control', 'Cancelled', '2024-11-01 21:43:44');
INSERT INTO orders (id, user_id, order_date, purchased_item, order_status, time_of_purchase) VALUES (262, 38, '2024-11-10 23:07:01', 'Song', 'Cancelled', '2024-11-10 23:07:01');
INSERT INTO orders (id, user_id, order_date, purchased_item, order_status, time_of_purchase) VALUES (263, 44, '2025-01-26 05:17:40', 'Next', 'Cancelled', '2025-01-26 05:17:40');
INSERT INTO orders (id, user_id, order_date, purchased_item, order_status, time_of_purchase) VALUES (264, 40, '2025-02-18 04:59:44', 'Happen', 'Completed', '2025-02-18 04:59:44');
INSERT INTO orders (id, user_id, order_date, purchased_item, order_status, time_of_purchase) VALUES (265, 31, '2024-03-30 22:34:04', 'Seek', 'Completed', '2024-03-30 22:34:04');
INSERT INTO orders (id, user_id, order_date, purchased_item, order_status, time_of_purchase) VALUES (266, 16, '2024-10-13 07:06:57', 'Same', 'Pending', '2024-10-13 07:06:57');
INSERT INTO orders (id, user_id, order_date, purchased_item, order_status, time_of_purchase) VALUES (267, 32, '2024-03-10 10:51:16', 'Stage', 'Cancelled', '2024-03-10 10:51:16');
INSERT INTO orders (id, user_id, order_date, purchased_item, order_status, time_of_purchase) VALUES (268, 13, '2024-10-19 03:34:32', 'Response', 'Pending', '2024-10-19 03:34:32');
INSERT INTO orders (id, user_id, order_date, purchased_item, order_status, time_of_purchase) VALUES (269, 3, '2024-11-08 23:06:24', 'Choice', 'Completed', '2024-11-08 23:06:24');
INSERT INTO orders (id, user_id, order_date, purchased_item, order_status, time_of_purchase) VALUES (270, 42, '2025-01-06 06:21:10', 'Investment', 'Pending', '2025-01-06 06:21:10');
INSERT INTO orders (id, user_id, order_date, purchased_item, order_status, time_of_purchase) VALUES (271, 4, '2024-04-29 15:16:18', 'Major', 'Completed', '2024-04-29 15:16:18');
INSERT INTO orders (id, user_id, order_date, purchased_item, order_status, time_of_purchase) VALUES (272, 21, '2025-01-05 21:16:55', 'Concern', 'Cancelled', '2025-01-05 21:16:55');
INSERT INTO orders (id, user_id, order_date, purchased_item, order_status, time_of_purchase) VALUES (273, 36, '2024-06-15 19:48:57', 'Eat', 'Pending', '2024-06-15 19:48:57');
INSERT INTO orders (id, user_id, order_date, purchased_item, order_status, time_of_purchase) VALUES (274, 15, '2024-07-19 12:10:49', 'Oil', 'Cancelled', '2024-07-19 12:10:49');
INSERT INTO orders (id, user_id, order_date, purchased_item, order_status, time_of_purchase) VALUES (275, 12, '2024-05-05 22:01:13', 'Particular', 'Completed', '2024-05-05 22:01:13');
INSERT INTO orders (id, user_id, order_date, purchased_item, order_status, time_of_purchase) VALUES (276, 21, '2024-08-08 17:33:49', 'Behind', 'Cancelled', '2024-08-08 17:33:49');
INSERT INTO orders (id, user_id, order_date, purchased_item, order_status, time_of_purchase) VALUES (277, 34, '2024-07-07 21:57:28', 'Discuss', 'Cancelled', '2024-07-07 21:57:28');
INSERT INTO orders (id, user_id, order_date, purchased_item, order_status, time_of_purchase) VALUES (278, 13, '2024-09-16 09:00:10', 'Many', 'Cancelled', '2024-09-16 09:00:10');
INSERT INTO orders (id, user_id, order_date, purchased_item, order_status, time_of_purchase) VALUES (279, 7, '2024-08-06 18:37:35', 'Heart', 'Completed', '2024-08-06 18:37:35');
INSERT INTO orders (id, user_id, order_date, purchased_item, order_status, time_of_purchase) VALUES (280, 36, '2024-08-19 23:58:21', 'New', 'Pending', '2024-08-19 23:58:21');
INSERT INTO orders (id, user_id, order_date, purchased_item, order_status, time_of_purchase) VALUES (281, 4, '2024-07-04 14:06:35', 'Find', 'Pending', '2024-07-04 14:06:35');
INSERT INTO orders (id, user_id, order_date, purchased_item, order_status, time_of_purchase) VALUES (282, 22, '2024-05-21 10:18:44', 'Significant', 'Pending', '2024-05-21 10:18:44');
INSERT INTO orders (id, user_id, order_date, purchased_item, order_status, time_of_purchase) VALUES (283, 7, '2024-06-08 19:27:05', 'Shake', 'Completed', '2024-06-08 19:27:05');
INSERT INTO orders (id, user_id, order_date, purchased_item, order_status, time_of_purchase) VALUES (284, 46, '2024-03-27 23:50:17', 'Short', 'Completed', '2024-03-27 23:50:17');
INSERT INTO orders (id, user_id, order_date, purchased_item, order_status, time_of_purchase) VALUES (285, 50, '2025-02-02 07:38:21', 'Gas', 'Cancelled', '2025-02-02 07:38:21');
INSERT INTO orders (id, user_id, order_date, purchased_item, order_status, time_of_purchase) VALUES (286, 28, '2024-03-02 10:13:19', 'Recent', 'Completed', '2024-03-02 10:13:19');
INSERT INTO orders (id, user_id, order_date, purchased_item, order_status, time_of_purchase) VALUES (287, 46, '2024-03-10 17:29:49', 'Small', 'Pending', '2024-03-10 17:29:49');
INSERT INTO orders (id, user_id, order_date, purchased_item, order_status, time_of_purchase) VALUES (288, 22, '2024-12-24 19:23:00', 'People', 'Completed', '2024-12-24 19:23:00');
INSERT INTO orders (id, user_id, order_date, purchased_item, order_status, time_of_purchase) VALUES (289, 20, '2024-09-20 03:35:10', 'White', 'Cancelled', '2024-09-20 03:35:10');
INSERT INTO orders (id, user_id, order_date, purchased_item, order_status, time_of_purchase) VALUES (290, 41, '2025-01-14 06:31:44', 'Edge', 'Pending', '2025-01-14 06:31:44');
INSERT INTO orders (id, user_id, order_date, purchased_item, order_status, time_of_purchase) VALUES (291, 30, '2024-06-10 05:44:20', 'Eight', 'Pending', '2024-06-10 05:44:20');
INSERT INTO orders (id, user_id, order_date, purchased_item, order_status, time_of_purchase) VALUES (292, 20, '2024-09-04 03:49:43', 'Choose', 'Cancelled', '2024-09-04 03:49:43');
INSERT INTO orders (id, user_id, order_date, purchased_item, order_status, time_of_purchase) VALUES (293, 31, '2024-05-27 15:02:20', 'Different', 'Pending', '2024-05-27 15:02:20');
INSERT INTO orders (id, user_id, order_date, purchased_item, order_status, time_of_purchase) VALUES (294, 49, '2024-03-11 05:47:49', 'Strong', 'Completed', '2024-03-11 05:47:49');
INSERT INTO orders (id, user_id, order_date, purchased_item, order_status, time_of_purchase) VALUES (295, 5, '2024-07-13 14:33:38', 'Prove', 'Pending', '2024-07-13 14:33:38');
INSERT INTO orders (id, user_id, order_date, purchased_item, order_status, time_of_purchase) VALUES (296, 17, '2025-01-22 10:13:04', 'Some', 'Completed', '2025-01-22 10:13:04');
INSERT INTO orders (id, user_id, order_date, purchased_item, order_status, time_of_purchase) VALUES (297, 14, '2025-01-05 06:44:43', 'Feeling', 'Pending', '2025-01-05 06:44:43');
INSERT INTO orders (id, user_id, order_date, purchased_item, order_status, time_of_purchase) VALUES (298, 8, '2024-05-11 03:49:04', 'Gas', 'Pending', '2024-05-11 03:49:04');
INSERT INTO orders (id, user_id, order_date, purchased_item, order_status, time_of_purchase) VALUES (299, 13, '2024-12-13 10:46:35', 'Movement', 'Completed', '2024-12-13 10:46:35');
INSERT INTO orders (id, user_id, order_date, purchased_item, order_status, time_of_purchase) VALUES (300, 18, '2025-01-18 15:55:26', 'Doctor', 'Pending', '2025-01-18 15:55:26');



-- Inserting Bills
INSERT INTO bills (id, order_id, invoice_number, invoice_amount, bill_paid, billing_period, tax) VALUES (1, 35, 'INV0541', 363.31, 'Yes', 'August 2023', 29.06);
INSERT INTO bills (id, order_id, invoice_number, invoice_amount, bill_paid, billing_period, tax) VALUES (2, 27, 'INV3632', 149.23, 'Yes', 'April 2021', 11.94);
INSERT INTO bills (id, order_id, invoice_number, invoice_amount, bill_paid, billing_period, tax) VALUES (3, 155, 'INV9446', 233.57, 'No', 'June 2020', 18.69);
INSERT INTO bills (id, order_id, invoice_number, invoice_amount, bill_paid, billing_period, tax) VALUES (4, 213, 'INV4391', 186.91, 'No', 'April 2023', 14.95);
INSERT INTO bills (id, order_id, invoice_number, invoice_amount, bill_paid, billing_period, tax) VALUES (5, 280, 'INV9194', 107.29, 'Yes', 'April 2022', 8.58);
INSERT INTO bills (id, order_id, invoice_number, invoice_amount, bill_paid, billing_period, tax) VALUES (6, 252, 'INV2057', 461.4, 'No', 'January 2021', 36.91);
INSERT INTO bills (id, order_id, invoice_number, invoice_amount, bill_paid, billing_period, tax) VALUES (7, 46, 'INV1908', 384.38, 'Yes', 'August 2021', 30.75);
INSERT INTO bills (id, order_id, invoice_number, invoice_amount, bill_paid, billing_period, tax) VALUES (8, 258, 'INV0554', 73.98, 'Yes', 'June 2021', 5.92);
INSERT INTO bills (id, order_id, invoice_number, invoice_amount, bill_paid, billing_period, tax) VALUES (9, 232, 'INV8279', 384.36, 'No', 'November 2021', 30.75);
INSERT INTO bills (id, order_id, invoice_number, invoice_amount, bill_paid, billing_period, tax) VALUES (10, 135, 'INV5499', 273.87, 'No', 'February 2020', 21.91);
INSERT INTO bills (id, order_id, invoice_number, invoice_amount, bill_paid, billing_period, tax) VALUES (11, 232, 'INV3085', 287.58, 'No', 'September 2020', 23.01);
INSERT INTO bills (id, order_id, invoice_number, invoice_amount, bill_paid, billing_period, tax) VALUES (12, 32, 'INV6684', 353.08, 'No', 'February 2022', 28.25);
INSERT INTO bills (id, order_id, invoice_number, invoice_amount, bill_paid, billing_period, tax) VALUES (13, 143, 'INV0462', 411.14, 'Yes', 'August 2020', 32.89);
INSERT INTO bills (id, order_id, invoice_number, invoice_amount, bill_paid, billing_period, tax) VALUES (14, 234, 'INV8934', 101.18, 'Yes', 'February 2022', 8.09);
INSERT INTO bills (id, order_id, invoice_number, invoice_amount, bill_paid, billing_period, tax) VALUES (15, 48, 'INV8969', 177.17, 'Yes', 'April 2021', 14.17);
INSERT INTO bills (id, order_id, invoice_number, invoice_amount, bill_paid, billing_period, tax) VALUES (16, 40, 'INV4439', 206.87, 'No', 'June 2023', 16.55);
INSERT INTO bills (id, order_id, invoice_number, invoice_amount, bill_paid, billing_period, tax) VALUES (17, 296, 'INV7725', 166.12, 'No', 'March 2023', 13.29);
INSERT INTO bills (id, order_id, invoice_number, invoice_amount, bill_paid, billing_period, tax) VALUES (18, 42, 'INV2197', 110.35, 'Yes', 'November 2020', 8.83);
INSERT INTO bills (id, order_id, invoice_number, invoice_amount, bill_paid, billing_period, tax) VALUES (19, 214, 'INV1363', 310.27, 'Yes', 'May 2020', 24.82);
INSERT INTO bills (id, order_id, invoice_number, invoice_amount, bill_paid, billing_period, tax) VALUES (20, 175, 'INV1411', 70.42, 'Yes', 'September 2022', 5.63);
INSERT INTO bills (id, order_id, invoice_number, invoice_amount, bill_paid, billing_period, tax) VALUES (21, 272, 'INV1222', 23.08, 'No', 'June 2022', 1.85);
INSERT INTO bills (id, order_id, invoice_number, invoice_amount, bill_paid, billing_period, tax) VALUES (22, 283, 'INV8194', 435.55, 'Yes', 'November 2021', 34.84);
INSERT INTO bills (id, order_id, invoice_number, invoice_amount, bill_paid, billing_period, tax) VALUES (23, 138, 'INV1981', 376.28, 'Yes', 'February 2020', 30.1);
INSERT INTO bills (id, order_id, invoice_number, invoice_amount, bill_paid, billing_period, tax) VALUES (24, 231, 'INV7955', 459.94, 'No', 'August 2020', 36.8);
INSERT INTO bills (id, order_id, invoice_number, invoice_amount, bill_paid, billing_period, tax) VALUES (25, 283, 'INV8482', 347.79, 'Yes', 'March 2020', 27.82);
INSERT INTO bills (id, order_id, invoice_number, invoice_amount, bill_paid, billing_period, tax) VALUES (26, 163, 'INV7044', 259.67, 'No', 'January 2022', 20.77);
INSERT INTO bills (id, order_id, invoice_number, invoice_amount, bill_paid, billing_period, tax) VALUES (27, 141, 'INV9575', 411.56, 'No', 'July 2021', 32.92);
INSERT INTO bills (id, order_id, invoice_number, invoice_amount, bill_paid, billing_period, tax) VALUES (28, 123, 'INV3636', 266.14, 'No', 'March 2022', 21.29);
INSERT INTO bills (id, order_id, invoice_number, invoice_amount, bill_paid, billing_period, tax) VALUES (29, 184, 'INV6170', 30.46, 'Yes', 'October 2022', 2.44);
INSERT INTO bills (id, order_id, invoice_number, invoice_amount, bill_paid, billing_period, tax) VALUES (30, 124, 'INV7270', 369.76, 'No', 'January 2020', 29.58);
